Título,Tipo,Comentario
Inception,Positivas,"Una obra maestra del cine moderno, visualmente asombrosa."
Inception,Positivas,Te hace pensar durante días. Nolan es un genio.
Inception,Positivas,Narrativa brillante y actuaciones memorables.
Inception,Positivas,Una idea original ejecutada de forma magistral.
Inception,Positivas,Es cine de entretenimiento con cerebro. Perfecta combinación.
Inception,Negativas,Demasiado pretenciosa y confusa.
Inception,Negativas,No es tan profunda como quiere aparentar.
Inception,Negativas,La emoción queda en segundo plano frente al artificio.
Inception,Negativas,Sobrecargada de efectos y explicaciones.
Inception,Negativas,"A ratos, se siente fría y distante emocionalmente."
Interstellar,Positivas,Una experiencia emocional y visual impresionante.
Interstellar,Positivas,La banda sonora y los efectos te dejan sin aliento.
Interstellar,Positivas,"Reflexiva, humana y profunda. Nolan tocando el corazón."
Interstellar,Positivas,Una película que combina ciencia y amor de forma única.
Interstellar,Positivas,Brillante mezcla de ciencia ficción y drama personal.
Interstellar,Negativas,Ciencia compleja que puede confundir al espectador.
Interstellar,Negativas,Demasiado larga y densa en su parte media.
Interstellar,Negativas,El final no convence a todo el mundo.
Interstellar,Negativas,A veces se siente forzada emocionalmente.
Interstellar,Negativas,Excesivamente ambiciosa para lo que logra narrar.
Memento,Positivas,Un rompecabezas cinematográfico fascinante.
Memento,Positivas,"Original, inteligente y absorbente."
Memento,Positivas,Una estructura narrativa inolvidable.
Memento,Positivas,Te obliga a estar atento y pensar como pocas películas.
Memento,Positivas,Guy Pearce está excelente en su papel.
Memento,Negativas,Puede ser difícil de seguir si no estás atento.
Memento,Negativas,"Demasiado cerebral, le falta emoción."
Memento,Negativas,El experimento narrativo no es para todos.
Memento,Negativas,A ratos parece más una prueba que una historia.
Memento,Negativas,El ritmo puede resultar monótono.
The Prestige,Positivas,Un duelo de actuaciones impresionante.
The Prestige,Positivas,Llena de giros que mantienen el interés constante.
The Prestige,Positivas,Magistral en su construcción narrativa.
The Prestige,Positivas,Fascinante exploración de la obsesión y el sacrificio.
The Prestige,Positivas,Una joya oculta del cine de Nolan.
The Prestige,Negativas,Algo lenta en su desarrollo.
The Prestige,Negativas,Demasiado enrevesada en el tercer acto.
The Prestige,Negativas,Cuesta conectar emocionalmente con los personajes.
The Prestige,Negativas,Su final puede parecer excesivamente retorcido.
The Prestige,Negativas,El tono sombrío puede no gustar a todos.
Tenet,Positivas,Visualmente impactante y desafiante.
Tenet,Positivas,Una propuesta valiente y original.
Tenet,Positivas,Acción espectacular con una lógica compleja.
Tenet,Positivas,Ideal para quienes disfrutan pensar mucho.
Tenet,Positivas,Una experiencia cinematográfica única.
Tenet,Negativas,Casi imposible de entender en el primer visionado.
Tenet,Negativas,Poca conexión emocional con los personajes.
Tenet,Negativas,Demasiada exposición científica confusa.
Tenet,Negativas,El guion sacrifica la claridad por el asombro.
Tenet,Negativas,"Fría, complicada y agotadora."
Dunkirk,Positivas,Una experiencia inmersiva e intensa.
Dunkirk,Positivas,"Técnicamente impecable, con tensión constante."
Dunkirk,Positivas,Cine bélico innovador y realista.
Dunkirk,Positivas,El montaje y sonido te ponen en la batalla.
Dunkirk,Positivas,Minimalista pero poderosa.
Dunkirk,Negativas,Falta desarrollo de personajes.
Dunkirk,Negativas,Narración fragmentada y confusa para algunos.
Dunkirk,Negativas,"Demasiado técnica, poco emocional."
Dunkirk,Negativas,Distante y fría en su aproximación.
Dunkirk,Negativas,No logra involucrar emocionalmente.
The Dark Knight,Positivas,El Joker de Ledger es legendario.
The Dark Knight,Positivas,"Oscura, compleja y apasionante."
The Dark Knight,Positivas,Un thriller disfrazado de película de superhéroes.
The Dark Knight,Positivas,Elevó el cine de cómics a otro nivel.
The Dark Knight,Positivas,Intensa y moralmente ambigua. Brillante.
The Dark Knight,Negativas,Demasiado larga en su parte final.
The Dark Knight,Negativas,Batman queda opacado por el Joker.
The Dark Knight,Negativas,Demasiado seria para ser una de superhéroes.
The Dark Knight,Negativas,A veces se enreda en su propio discurso.
The Dark Knight,Negativas,El ritmo decae en algunos tramos.
Oppenheimer,Positivas,Una biografía profunda y visualmente poderosa.
Oppenheimer,Positivas,Cillian Murphy ofrece una actuación inolvidable.
Oppenheimer,Positivas,Nolan logra humanizar a un personaje complejo.
Oppenheimer,Positivas,Impactante y reflexiva.
Oppenheimer,Positivas,Un retrato honesto de la historia y la moralidad.
Oppenheimer,Negativas,Demasiado extensa y densa.
Oppenheimer,Negativas,Requiere conocimientos previos para comprender bien.
Oppenheimer,Negativas,Narrativamente confusa en momentos.
Oppenheimer,Negativas,Falta emoción en algunas partes.
Oppenheimer,Negativas,Puede resultar agotadora para el público general.
